Abbiategrasso,via Dante. 58,ABBIATEGRASSO,Milano
Acireale Drive,Via Cristoforo Colombo e Via Cefalu',ACIREALE,Catania
Acqui Terme,Via Romita.78,ACQUI TERME,Alessandria
Affi Drive,Via San Pieretto. 27 - S.S.9 (Casello AFFI A22),AFFI,Verona
Afragola,Via Santa Maria La Nova - Loc. Marchesa,AFRAGOLA,Napoli
Agrigento,Contrada Degli Angeli - S.S. 115 - Villaggio Mose',AGRIGENTO,Agrigento
Alessandria,c/o AdS Porta Marengo Alessandria- Via Marengo 159,ALESSANDRIA,Alessandria
Alessandria Giordano Bruno,via Giordano Bruno. 216,ALESSANDRIA,Alessandria
Ancona Baraccola,SS 16 - Loc. Baraccola,ANCONA,Ancona
Ancona Torrette,Via Tenna angolo Via Conca,ANCONA,Ancona
Antegnate,Via Del Commercio 3 c/o CC Auchan Shopping Center,ANTEGNATE,Bergamo
Anzio,via Nettunense. s.s. 207 km 33+120,ANZIO,Roma
Aosta,c/o AdS Aosta - C.so Ivrea 138,AOSTA,Aosta
Appiano Gentile,Via Salvo d'Acquisto. 14,APPIANO GENTILE,Como
Aprilia Mascagni Drive,Via Mascagni 115,APRILIA,Latina
Arcore Drive,Via Gilera 192,ARCORE,Monza e Brianza
Arese Mall,Via Giuseppe Luraghi. 11,ARESE,Milano
Arosio,SP 41 Strada Valassina,AROSIO,Como
Ascoli Piceno Drive,Via del Commercio,ASCOLI PICENO,Ascoli Piceno
Assago,Viale della Fonte Lunga. n°1/A,ASSAGO,Milano
Assisi,Via Patrono d'Italia ang. Via Carducci,SANTA MARIA DEGLI ANGELI,Perugia
Asti Consorzio,C.so Alessandria. 330,ASTI,Asti
Asti Ovest,Corso Torino. 380,ASTI,Asti
Avezzano,Via Roma 246,AVEZZANO,Aquila
Avigliana,Via Giovanni e Francesca Falcone. 87,AVIGLIANA,Torino
Bagnolo Cremasco,S.S.Paullese km 31,BAGNOLO CREMASCO,Cremona
Bari Casamassima,Via Noicattaro. 2,CASAMASSIMA,Bari
Bari Corso Vittorio Emanuele,Corso Vittorio Emanuele,BARI,Bari
Bari Mungivacca,via Caduti del Lavoro - Loc. Mungivacca,BARI,Bari
Bari Santa Caterina,via S. Caterina. 17/F,BARI,Bari
Bari Sparano,Via Sparano 155/157/159 ang. P.za Moro 9/9a/10,BARI,Bari
Bari Tangenziale,viale Europa. 3/c,BARI,Bari
Barletta,via Foggia. 42,BARLETTA,Barletta-Andria-Trani
Bassano,Via Capitel Vecchio. 74,BASSANO DEL GRAPPA,Vicenza
Bellinzago,Strada Padana Superiore. 154,BELLINZAGO LOMBARDO,Milano
Belluno,via Tiziano Vecellio,BELLUNO,Belluno
Belpasso CT,s.s. 121 km 11.500 - Loc. Piano Tavola,BELPASSO,Catania
Benevento via Nenni 2,Via Pietro Nenni,BENEVENTO,Benevento
Bergamo P.za Marconi,P.le Marconi 1,Bergamo,Bergamo
Biella,C.so San Maurizio ang.C.so Europa,BIELLA,Biella
Binasco,c/o AdS Binasco - SS 35,BINASCO,Milano
Bologna S. Lazzaro,c/o AdS Bologna Via Dozza - Via Dozza 33,BOLOGNA,Bologna
Bologna Stalingrado,Via Stalingrado. 71,BOLOGNA,Bologna
Bologna Togliatti Drive,V.le Togliatti 11,BOLOGNA,Bologna
Bologna via Larga,Via Larga. 17,BOLOGNA,Bologna
Bologna VIII Agosto,Piazza dell'8 Agosto. 31,BOLOGNA,Bologna
Bolzano Mall,via G. Galilei c/o CC Twenty,BOLZANO * BOZEN,Bolzano
Bolzano Piazza Parrocchia,Piazza Parrocchia 4,BOLZANO * BOZEN,Bolzano
Borgomanero Drive,Via Santa Cristinetta 149,BORGOMANERO,Novara
Bracciano,via Braccianese Claudia,BRACCIANO,Roma
Brembate Drive,via Vittorio Veneto n°67,BREMBATE,Bergamo
Brescia Campogrande,C.C. Campogrande Via Tadini. 7 Ang. Via Genova,BRESCIA,Brescia
Brescia Continente,Viale S. Eufemia. 220,BRESCIA,Brescia
Brindisi,Viale Caduti di via Fani,BRINDISI,Brindisi
Busnago,c/o C.C. Globo - Via Italia 197/11,BUSNAGO,Monza e Brianza
Bussolengo,Strada Padana Superior. 16,BUSSOLENGO,Verona
Busto Arsizio,Via Galileo Galilei 1,BUSTO ARSIZIO,Varese
Cagliari Peretti,via Peretti,CAGLIARI,Cagliari
Cagliari S. Simone,C.C. Santa Gilla Via S. Simone. 60,CAGLIARI,Cagliari
Campi Bisenzio,c/o C.C. I Gigli - Via S. Quirico 165,CAMPI BISENZIO,Firenze
Campobasso Drive,via Colle delle Api s.n.c.,CAMPOBASSO,Campobasso
Carbonia Drive,via della Stazione,CARBONIA,Cagliari
Carini,via Luigi Sturzo,CARINI,Palermo
Carpi,Tangenziale Bruno Losi,CARPI,Modena
Casalecchio Di Reno 1,c/o AdS Casalecchio di Reno - Via Porrettana 502,CASALECCHIO DI RENO,Bologna
Casalpusterlengo,viale Partigiani ang. via Salvo D'Acquisto,CASALPUSTERLENGO,Lodi
Casoria,via San Salvatore,CASORIA,Napoli
Cassano,ss 11 via Padana Superiore,CASSANO D'ADDA,Milano
Castegnato,Via Rita Levi Montalcini snc,CASTEGNATO,Brescia
Castel Maggiore,via Galliera. 24,CASTEL MAGGIORE,Bologna
Castel Romano,Via del Ponte di Piscina Cupa,CASTEL ROMANO,Roma
Castelletto Ticino,S.S. 33 Del Sempione 179 Km 58+600,CASTELLETTO TICINO,Novara
Castelvetrano,Via Caduti di Nassirya,CASTELVETRANO,Trapani
Castiglione delle Stiviere,Via Cavour ang. Via Toscanini. 2,CASTIGLIONE DELLE STIVIERE,Mantova
Castione Andevenno,c/o C.C. Le Torri - Viale Bruno Tirelli 1,CASTIONE ANDEVENNO,Sondrio
Catania,P.zza Stesicoro 57/58,CATANIA,Catania
Catania Aeroporto,Aeroporto di Catania Fontanarossa,CATANIA,Catania
Catania Gravina,via di Passo Gravina,CATANIA,Catania
Catania Mall,via Gelso Bianco c/o CC Le Porte di Catania,CATANIA,Catania
Catania S. Giovanni,via Catira S. Lucia c/o C. Comm. I Portali,SAN GIOVANNI LA PUNTA,Catania
Catania Tenutella,S.P. 54 C.da Cubba-Tenutella. snc c/o Centro Comm,MISTERBIANCO,Catania
Catania Ulisse,viale Ulisse 11,CATANIA,Catania
Catanzaro Le Fontane,SS 19 bis. c/o C.C Le Fontane,CATANZARO,Catanzaro
Cecina,Via Carrà n 2 angolo Via Montanara,CECINA,Livorno
Cento,via Matteo Loves. 1,CENTO,Ferrara
Cerignola Via Nizza,Via Nizza,CERIGNOLA,Foggia
Cerro Maggiore Drive,SS 527 ex bustese,CERRO MAGGIORE,Milano
Cesano Boscone,Via Nuova Vigevanese. ang. Via Don Sturzo,CESANO BOSCONE,Milano
Cesena Cattaneo,Via Emilia Ponente. 864,CESENA,Forlì-Cesena
Cesena Cervese,via Cervese 3622,CESENA,Forlì-Cesena
Chieti,Viale Abruzzo,CHIETI,Chieti
Chioggia,SS 309 romea nr 101/c angolo Loc. Brondolo,CHIOGGIA,Venezia
Chivasso,Via Peppino Impastato 238,CHIVASSO,Torino
Ciampino,Viale J.F. Kennedy. 90,CIAMPINO,Roma
Cinisello Mall,"Via De Amicis n. 2 - c/o C. Comm.le ""LA FONTANA""",CINISELLO BALSAMO,Milano
Cinisello Testi1,V.le Fulvio Testi. 132,CINISELLO BALSAMO,Milano
Cinisello Valtellina,via Valtellina. 36,CINISELLO BALSAMO,Milano
Città di Castello,via Rodolfo Morandi snc,CITTA' DI CASTELLO,Perugia
Civitavecchia,L.go Plebiscito. 1/2/3 Ang. Calata Laurenti 1/2,CIVITAVECCHIA,Roma
Collegno Corso Francia,Corso Francia 262,COLLEGNO,Torino
Cologno Monzese,Via Mozart ang. Via Imbersago,COLOGNO MONZESE,Milano
Colonnella,Contrada Rio Moro 100 - Uscita Val Vibarata A14,COLONNELLA,Teramo
Como,Via Plinio. 2,COMO,Como
Concesio Triumplina,Via Nikolajewka. 2 S.S. 345 Triumplina,CONCESIO,Brescia
Concorezzo,Viale Monza. 14,CONCOREZZO,Monza e Brianza
Cornuda,via dell'Industria. 1,CORNUDA,Treviso
Corridonia,c/o Corridonia Shopping Park. Via E. Mattei 189,CORRIDONIA,Macerata
Corsico,c/o AdS Corsico V.le Dell'Industria-SS Nuova Vigev,CORSICO,Milano
Cosenza Bilotti Museo,Piazza Carlo F. Bilotti 17,COSENZA,Cosenza
Cremona Drive,Via Gazzoletto. 4 - Fraz. San Felice,CREMONA,Cremona
Crotone Passovecchio,SS 106 - località Passovecchio,CROTONE,Crotone
Curno,c/o C.C. Curno - Via Fermi ang. Via Carlinga,CURNO,Bergamo
Curno via Bergamo,via Meucci. 1,CURNO,Bergamo
Curtatone,via Giovanni Campia,CURTATONE,Mantova
Dalmine,Via Vailetta. snc,DALMINE,Bergamo
Darfo Boario Terme,Via Cassiano Serventi 2 c/o CC Adamello,DARFO,Brescia
Desenzano Sul Garda,Località La Perla. 1,DESENZANO DEL GARDA,Brescia
Desio,Via Milano. ang. Via delle Rose n°6,DESIO,Monza e Brianza
Domodossola,Via Sempione. 71,DOMODOSSOLA,Verbano Cusio
Dossobuono,Via Borgo Bello. 29,DOSSOBUONO,Verona
Eboli,ss 18,EBOLI,Salerno
Enna,via Pergusina,ENNA,Enna
Erba,c/o C.C. I Laghi - V.le Prealpi,ERBA,Como
Erbusco,c/o C.C. Le Porte Franche - Via Rovato 44,ERBUSCO,Brescia
Fabriano Via Dante,via Dante Alighieri 223,FABRIANO,Ancona
Faenza,via Vietri sul Mare. 4,FAENZA,Ravenna
Falconara,via Marconi,FALCONARA MARITTIMA,Ancona
Fano,viale Piceno.56,FANO,Pesaro
Ferrara Drive,Via Modena. 17/4,FERRARA,Ferrara
Ferrara Sud,via Bologna. 306,FERRARA,Ferrara
Ferrara Trento E Trieste,Pza Trento E Trieste n. 6 - Palazzo Della Ragione,FERRARA,Ferrara
Fidenza,via San Michele Campagna. 26,FIDENZA,Parma
Firenze Agnelli,Via Agnelli. 11/1,FIRENZE,Firenze
Firenze Esterno Stazione,P.zza Stazione 25/37,FIRENZE,Firenze
Firenze Nenni,V.le Nenni 16/3,FIRENZE,Firenze
Firenze Osmannoro,via Lucchese ang. via Pratese,SESTO FIORENTINO,Firenze
Firenze Senese,Via Senese. 172,FIRENZE,Firenze
Firenze Stazione Griglia,P.zza della Stazione 42/r e 43/r,FIRENZE,Firenze
Fiume Veneto,via Maestri del Lavoro 49,FIUME VENETO,Pordenone
Fiumicino via del Faro,via del Faro. 60,FIUMICINO,Roma
Foggia Mall,Centro Commerciale GrandaPulia,FOGGIA,Foggia
Foggia Mezzogiorno,Corso del Mezzogiorno ang. via F. Smaldone,FOGGIA,Foggia
Foligno Drive,Via Fiamenga.74,FOLIGNO,Perugia
Forlì,c/o AdS Forlì - V.le Bologna 74,FORLI',Forlì-Cesena
Forlì Mall,c/o C.C Puntadiferro. P.le della Cooperazione. 2,FORLI',Forlì-Cesena
Formia,Via Vitruvio 48,FORMIA,Latina
Frosinone Lepini,via Monte Lepini,CECCANO,Frosinone
Gallarate via Milano,via Milano. 58,GALLARATE,Varese
Garbagnate,via Peloritana. 58,GARBAGNATE MILANESE,Milano
Garlate,SP 72 Via Statale. 884,GARLATE,Lecco
Gela,Via Venezia ang. via E. Mattei,GELA,Caltanissetta
Genova Porto Antico Acquario,Via di Sottoripa. 127 R/133,GENOVA,Genova
Gerenzano,Via Cervinia. 2,GERENZANO,Varese
Ghedi,Strada Costa 1/W c/o Base Retail Park,GHEDI,Brescia
Gioia Tauro,Strada Statale 111 svincolo A3,GIOIA TAURO,Reggio Calabria
Giugliano,via Circonvallazione esterna - loc. Chiatano,GIUGLIANO IN CAMPANIA,Napoli
Gorgonzola,SP13. km 9.5,GORGONZOLA,Milano
Grandate,SS dei Giovi 35. n. 65,GRANDATE,Como
Gravellona Toce,s.s. 229 - via Marconi,GRAVELLONA TOCE,Verbano Cusio
Grosseto,Via Senese 162,GROSSETO,Grosseto
Guidonia,Via delle Genziane. 1/3 ang. viale Roma,GUIDONIA,Roma
Imperia Drive,Lungomare Vespucci,IMPERIA,Imperia
Induno Olona,Via Jamoretti angolo via Bidino,INDUNO OLONA,Varese
Jesi,Via Gorgolungo. 6,JESI,Ancona
Jesolo,via Aldo Policek. 6/8,JESOLO,Venezia
L' Aquila,Viale Corrado IV n. 54 e 56,L'AQUILA,Aquila
Ladispoli,Via Settevene Palo,LADISPOLI,Roma
Lainate,Via Pirelli 1,LAINATE,Milano
Lamezia Terme Drive,via del Progresso,LAMEZIA TERME,Catanzaro
Latina Fiori,Viale Pierliugi Nervi C.C.Latina Fiori,LATINA,Latina
Latina Isonzo,via Isonzo 152,LATINA,Latina
Latina Romagnoli,c/o AdS Latina SS148 Pontina- Via Romagnoli Km 70,LATINA,Latina
Lecce Surbo,via Rosanna Benzi,SURBO,Lecce
Lecco,Lungolario Isonzo. 13-16,LECCO,Lecco
Legnago,via Europa 37/38 ang. via D'Antona,SAN PIETRO DI LEGNAGO,Verona
Legnano,viale Cadorna. 48,LEGNANO,Milano
Lentate sul Seveso,c/o C.C. Lentate - Via Nazionale dei Giovi 249/5,LENTATE SUL SEVESO,Monza e Brianza
Lipomo,SP per Lecco 267,LIPOMO,Como
Lissone,via Zanella ang. via Trieste,LISSONE,Monza e Brianza
Livorno Levante,via di Levante ang. via Lidia Poet,LIVORNO,Livorno
Locate Triulzi Outlet,via Rosa Luxemburg,LOCATE TRIULZI,Milano
Lodi Tangenziale Est,c/o AdS Lodi Sud - Nuova Tang Est km 1.290,LODI,Lodi
Lonato,c/o Centro Comm.le Il Leone Shopping Center,LONATO,Brescia
Loreto,via Paolo Borsellino 2,LORETO,Ancona
Lucca Capannori,viale Europa. 56,CAPANNORI,Lucca
Lugo,via Piratello. 64 ang. via Brignani 25,LUGO,Ravenna
Maddaloni Drive,via delle Forche Caudine,MADDALONI,Caserta
Magenta,Via Boffalora. 79,MAGENTA,Milano
Malnate,via J.F. Kennedy,MALNATE,Varese
Mantova Legnago,SS 10 - via Legnago,MANTOVA,Mantova
Marcianise,Strada Provinciale 336. c/o C.c. Campania,MARCIANISE,Caserta
Marcon Galleria,via E.Mattei C.C. Valecenter,MARCON,Venezia
Marghera Mall,Via Arduino,MARGHERA,Venezia
Merano,via Roma,MERANO * MERAN,Bolzano
Mercogliano,Via Santangelo lungo la S.S. 374,MERCOGLIANO,Avellino
Messina Cairoli,Via G. Bruno. 42,MESSINA,Messina
Mestre Corso del Popolo,Corso del Popolo. 223,MESTRE,Venezia
Mestre Terraglio,c/o C.C. Auchan - Via Pionara. 21,MESTRE,Venezia
Mestre Tosatto Mall,via don Tosatto. 22,MESTRE,Venezia
Milano Antonini,Via Antonini. 28,MILANO,Milano
Milano Bonola,c/o C.C. Bonola - Via Quarenghi 23,MILANO,Milano
Milano Centrale 2,P.zza Duca D’Aosta 12,MILANO,Milano
Milano Certosa,Viale Certosa. 134,MILANO,Milano
Milano Corso Lodi,Corso Lodi. 65 ang. Via Massarani,MILANO,Milano
Milano Duomo,Passaggio Duomo 2,MILANO,Milano
Milano Farini,Via Farini 79/81,MILANO,Milano
Milano Galleria Fontana,Galleria Ciro Fontana. 3,MILANO,Milano
Milano Lorenteggio Drive,via Lorenteggio. 246,MILANO,Milano
Milano Oberdan,via Tadino. 2,MILANO,Milano
Milano P.le Loreto,Corso Buenos Aires. 79 (piazzale Loreto),MILANO,Milano
Milano Rogoredo,Via Rogoredo. 144,MILANO,Milano
Milano Rubicone,Viale Rubicone. 29,MILANO,Milano
Milano Sabotino,V.le Sabotino 38,MILANO,Milano
Milano San Babila,Via Durini 27,MILANO,Milano
Milano Stazione Centrale Interno,piazza Duca d'Aosta c/o Stazione Centrale FF SS,MILANO,Milano
Milano via Dante,via Dante. 16,MILANO,Milano
Milano Via Novara,Via Novara 83,MILANO,Milano
Milano via Torino,Via Torino 68 - angolo Via San Sisto,MILANO,Milano
Milano XXIV Maggio,P.zza S. Eustorgio 2,MILANO,Milano
Milazzo,C.da Masseria Via Firenze snc,MILAZZO,Messina
Mirandola,via Agnini. ang. nuova SS 12,MIRANDOLA,Modena
Modena Bruciata,c/o C.C. Grandemilia - Via Emilia Ovest 1480,MODENA,Modena
Modena Emilia Est,via Emilia Est. 519,MODENA,Modena
Modena Ovest,Via Emilia Ovest 407,MODENA,Modena
Modena Portali,c/o C.C. I Portali-V.le Dello Sport 50,MODENA,Modena
Molfetta,c/o C.C. Mongolfiera,MOLFETTA,Bari
Moncalieri,Via Fortunato Postiglione. 1,MONCALIERI,Torino
Mondovì,Corso Mondovicino n. 29,MONDOVI',Cuneo
Monfalcone,via Pocar 1/A,MONFALCONE,Gorizia
Monselice,Via Magellano. 2,MONSELICE,Padova
Montano Lucino,Via Ratti 2,MONTANO LUCINO,Como
Montebello,C.C. i Vivai Garden Center - Via Per Lungavilla,MONTEBELLO DELLA BATTAGLIA,Pavia
Montecatini Camporcioni,via Camporcioni snc,MONTECATINI TERME E TETTUCCIO,Pistoia
Montecchio Drive,c/o C.C. Castagna - SS 11 ang. Via Dante,MONTECCHIO MAGGIORE,Vicenza
Montepaone,C.C. Le Vele-Via Nausica-loc.Casinello Sanguinario,MONTEPAONE LIDO,Catanzaro
Monterotondo,via Lampedusa 2,MONTEROTONDO,Roma
Montesilvano,Corso Umberto I n. 7,MONTESILVANO SPIAGGIA,Pescara
Monza V.le Lombardia,V.le Lombardia 175 ang. V.le Romagna,MONZA,Monza e Brianza
Monza Via Milano,C.so Milano 19,MONZA,Monza e Brianza
Napoli Galleria Umberto,Galleria Umberto I° n° 72.73.74.75,NAPOLI,Napoli
Napoli Miano,Piazza Madonna dell'Arco - c/o CC La Birreria,NAPOLI,Napoli
Napoli Stadio Fuorigrotta,Via G.Gonzaga 15/21ang. Via G.B.Marino 31/41/43/51,NAPOLI,Napoli
Napoli Vomero,via Merliani. 38,NAPOLI,Napoli
Navacchio,Via Oristano. Angolo Via Nuoro Zona “I BORGHI”,CASCINA,Pisa
Nembro,Via Monsignor Aldo Nicoli 13,NEMBRO,Bergamo
Nettuno,Piazza J.F. Kennedy,NETTUNO,Roma
Nichelino,Centro commerciale Mondo Juve,NICHELINO,Torino
Nocera Superiore,S.s. 18 - Località Camerelle c/o Mobilificio Petti,NOCERA SUPERIORE,Salerno
Nola,"C.C.""il vulcano buono"" - Via boscofangone snc",NOLA,Napoli
Novara Sporting,Piazzale Giuseppe Fortina. 1,NOVARA,Novara
Novate Milanese,c/o C.C.Metropoli-Via Amoretti ang. Via Bovisasca,NOVATE MILANESE,Milano
Nuoro,Via Don Giovanni Bosco,NUORO,Nuoro
Olbia,C.C. Olbia Mare S.s. 125 Orientale Sarda,OLBIA,Sassari
Olbia Indonesia,via Indonesia snc,OLBIA,Sassari
Olgiate Olona,Via Busto Fagnano. 44/D,OLGIATE OLONA,Varese
Orio al Serio,Via Portico. 71 c/o C.C. Orio Center,ORIO AL SERIO,Bergamo
Oristano,c/o AdS Oristano - Via Cagliari 45,ORISTANO,Oristano
Orte Drive,via Lazio. 9,ORTE,Viterbo
Orzinuovi,via Adua,ORZINUOVI,Brescia
Osimo,via dell'Industria. 2,OSIMO,Ancona
Paderno Dugnano,c/o C.C. Brianza SP 44,PADERNO DUGNANO,Milano
Padova,P.zza Stazione Ferroviaria. ang. C.so del Popolo,PADOVA,Padova
Padova Guido Reni,Via Ponte Vigodarzere. 2,PADOVA,Padova
Padova Ovest,c/o AdS Padova - C.so Australia KM 0+678,PADOVA,Padova
Palermo Drive,c/o Ads V.le Regione Siciliana,PALERMO,Palermo
Palermo La Malfa,via Ugo La Malfa,PALERMO,Palermo
Palermo Pecoraino,via Pecoraino c/o CC Forum,PALERMO,Palermo
Pantigliate,Vecchia Paullese. 13 - Strada Consortile 723,PANTIGLIATE,Milano
Parco Leonardo,via Portuense snc,FIUMICINO,Roma
Parma Est,via Emilio Lepido 70/A,PARMA,Parma
Parma San Leonardo,Via Rodolfi Mansueto 4/A,PARMA,Parma
Pavia Brambilla,viale Brambilla.34,PAVIA,Pavia
Pavone Canavese,c/o C.C. Il Pavone - Via Circonvallazione 39/1,PAVONE CANAVESE,Torino
Perugia Collestrada,c/o CC Collestrada - Loc. Collestrada,PERUGIA,Perugia
Perugia San Sisto,via G.Dottori n.105 - Loc. San Sisto,SAN SISTO,Perugia
Perugia Stadio,Via Trasimeno Ovest,PERUGIA,Perugia
Pesaro Gagarin Drive,Via Grande Torino. 6,PESARO,Pesaro
Pescara Marconi,viale Marconi. 375,PESCARA,Pescara
Pescara Via della Riviera,Via della Riviera,PESCARA,Pescara
Peschiera,Via Tangenziale Esterna. 3,PESCHIERA DEL GARDA,Verona
Piacenza Parmense,via Stradiotti,PIACENZA,Piacenza
Piacenza Stazione,c/o C.C. Borgo Fax Hall - P.le Marconi snc,PIACENZA,Piacenza
Pioltello,Via Madre Teresa di Calcutta. 2-4-6,PIOLTELLO,Milano
Piombino,V.le Unità D'Italia,PIOMBINO,Livorno
Pisa Darsena,Via di Gargalone Darsena Pisana,PISA,Pisa
Pisa Miracoli,Piazza Manin,PISA,Pisa
Pomezia Castelli Romani,via Castelli Romani ang Via Naro,POMEZIA,Roma
Pomezia Via Roma,Via Pontina angolo via del Mare,POMEZIA,Roma
Pomigliano d'Arco,Via Nazionale delle Puglie snc,POMIGLIANO D'ARCO,Napoli
Pompei Mall,via campo d'aviazione snc,POMPEI,Napoli
Pontecagnano Mall,via Antonio Pacinotti,PONTECAGNANO,Salerno
Pordenone,Viale Venezia. 119,PORDENONE,Pordenone
Porto San Giorgio Drive,Via Fratelli Rosselli. 264,PORTO SAN GIORGIO,Fermo
Portogruaro Retail Park,Parco commerciale - Località Prati Guori,PORTOGRUARO,Venezia
Prato,Tangenziale Leonardo da Vinci,PRATO,Prato
Puegnago,Via Nazionale ang. via Serraglie,PUEGNAGO,Brescia
Quarto Mall,Via Masullo - c/o CC Quarto Nuovo,NAPOLI,Napoli
Quartu Sant'Elena Poetto,Viale Lungomare del Golfo,QUARTU SANT'ELENA,Cagliari
Quartucciu,c/o C.C. Le Vele - Via Delle Serre,QUARTUCCIU,Cagliari
Ragusa drive,Viale delle Americhe 135,RAGUSA,Ragusa
Ravenna Ipercoop,Via Classicana 408 ang. M. Busatto 48,RAVENNA,Ravenna
Ravenna via Trieste,via Travaglini 28 angolo via Trieste,RAVENNA,Ravenna
Reggio Calabria Tangenziale,SS 106 km 1,REGGIO CALABRIA,Reggio Calabria
Reggio Emilia Sud,Via David Ricardo 7/A,REGGIO EMILIA,Reggio Emilia
Reggio Emilia Tien An Men,Via Nicolò Copernico. 30/a,REGGIO EMILIA,Reggio Emilia
Rende,c/o C.C. Metropolis - Via Kennedy,RENDE,Cosenza
Rende Marconi,via Marconi c/o Marconi Resid. & Business Center,RENDE,Cosenza
Rescaldina,Via Togliatti 2,RESCALDINA,Milano
Rho Drive,SS 33 via Sempione Km 16 +500,RHO,Milano
Rimini Flaminia,via Flaminia 275,RIMINI,Rimini
Rimini Le Befane,Strada Statale Adriatica S.S. 16 c/o CC Le Befane,RIMINI,Rimini
Rimini Popilia,Via Popilia. 237,RIMINI,Rimini
Rivoli,C.so Primo Levi. 23,RIVOLI,Torino
Rodengo Saiano Outlet,Via del Borgo. 44 c/o Franciacorta Outlet Village,RODENGO SAIANO,Brescia
Roma Anagnina,Via Torre di Mezzavia 51/53,ROMA,Roma
Roma Annibaliano,P.zza Annibaliano 8 - 8/a,ROMA,Roma
Roma Appia,via Appia Nuova. km 19.750 - Località Frattocchie,MARINO,Roma
Roma Aurelia,c/o AdS Aurelia - Via Aurelia Km 8.400,ROMA,Roma
Roma Borgo Pio,Via Borgo Pio. 93-96 ang. Via del Mascherino. 1-11,ROMA,Roma
Roma C.so Francia,c/o AdS Agip - C.so Francia 80,ROMA,Roma
Roma Capena,Via Tiberina 34/h,CAPENA,Roma
Roma Casal del Marmo,via Casal del Marmo 331/333,ROMA,Roma
Roma Casalotti,via di Boccea. 561,ROMA,Roma
Roma Dragona,Via Charles Lenormant. 235,ROMA,Roma
Roma EUR,via C.Colombo Loc. Castellaccio,ROMA,Roma
Roma Giolitti,Via Giolitti. 65,ROMA,Roma
Roma Giulio Cesare,viale Giulio Cesare. 199/201/203/205,ROMA,Roma
Roma Lunghezza,c/o C.C Roma Est - Via Collatina km 12.800,ROMA,Roma
Roma Mirti,piazza dei Mirti. 28-29 ang.via dei Platani,ROMA,Roma
Roma Nomentana,via Nomentana. 1141,ROMA,Roma
Roma P.zza delle Cinque Lune,Piazza delle Cinque Lune,ROMA,Roma
Roma P.zza Di Spagna,Piazza Di Spagna. 46/47 .,ROMA,Roma
Roma Palaia,Via Castellina Marittima 12/14/16,ROMA,Roma
Roma Parchi Colombo,Via C. Colombo 1897,ROMA,Roma
Roma Pio XI,P.zza Pio XI 88-90/92-93,ROMA,Roma
Roma Prati Fiscali,Via Prati Fiscali. 73,ROMA,Roma
Roma Regina Margherita,Piazza Regina Margherita 15,ROMA,Roma
Roma San Paolo,via Ostiense ang. via Imperatore Giustiniano,ROMA,Roma
Roma Stradivari,Via degli Stradivari 35-37,ROMA,Roma
Roma Sturzo,Piazza Don Luigi Sturzo. 21/22,ROMA,Roma
Roma Tiburtina Cavallari,Via Del Casale Cavallari 8,ROMA,Roma
Roma Tiburtina De Paolis,Via Tiburtina 515,ROMA,Roma
Roma Tor Vergata Mall,viale Luigi Schiavonetti,ROMA,Roma
Roma Torpignattara,Via Casilina 384,ROMA,Roma
Roma Tre Fontane Drive,via delle Tre Fontane ang. viale dell'Artigianato,ROMA,Roma
Roma V.le America,c/o AdS Roma E.U.R. - V.le America 270,ROMA,Roma
Roma Valle Aurelia,via di Valle Aurelia ang. via degli Ubaldi,ROMA,Roma
Roma Via Cassia,Via Cassia km 20+750,ROMA,Roma
Roma Via Del Tritone,Via del Tritone. 57-58,ROMA,Roma
Romagnano Sesia,Via Novara. 243,ROMAGNANO SESIA,Novara
Romanina,Via Bernardino Alimena,ROMA,Roma
Roncadelle Mall,via Einaudi snc,RONCADELLE,Brescia
Rovereto,via alla Stazione. 2,ROVERETO,Trento
Rovigo,c/o C.C. La Fattoria - Fraz. Borsea,BORSEA,Rovigo
Rozzano,Via Curiel. 25,ROZZANO,Milano
Rubano,Via Pria Fosca. 2,RUBANO,Padova
S.Giovanni Teatino,Via Po - Località Sambuceto,SAN GIOVANNI TEATINO,Chieti
S.Giuliano Terme,Via Aurelia Nordloc. Madonna dell'Acqua,SAN GIULIANO TERME,Pisa
Salerno Mall,Via Dei Greci c/o C.C. Le Cotoniere,SALERNO,Salerno
Salerno Via Roma,via Roma,SALERNO,Salerno
San Benedetto Del Tronto,S.s. 16. Via Liberazione. 14,SAN BENEDETTO DEL TRONTO,Ascoli Piceno
San Bonifacio Drive,Via Crosaron. 14,SAN BONIFACIO,Verona
San Donà di Piave Drive,Via Martiri delle Foibe,SAN DONA' DI PIAVE,Venezia
San Giovanni Lupatoto Drive,via Cà Nova Zampieri. 28,SAN GIOVANNI LUPATOTO,Verona
San Martino Siccomario,c/o C.C. San Martino - SS per Mortara,SAN MARTINO SICCOMARIO,Pavia
San Maurizio Canavese,Via Torino. 102,SAN MAURIZIO CANAVESE,Torino
San Prisco,s.s. Appia 60,SAN PRISCO,Caserta
San Vendemiano - Conegliano,Viale Venezia - S.S. 13 Pontebbana,CONEGLIANO,Treviso
San Vittore Olona,SS 33 del Sempione. 288,SAN VITTORE OLONA,Milano
Sarzana,Variante Aurelia. 49,SARZANA,La Spezia
Sassari,C.C. rinascente Via Predaniedda,SASSARI,Sassari
Sassuolo,Via Radici In Piano. 421,SASSUOLO,Modena
Savona,via Stalingrado. 94 c/o CC Le Officine,SAVONA,Savona
Schio Drive,Via Lazio 2,SCHIO,Vicenza
Sedriano,SS 11 ang. via Garibaldi,SEDRIANO,Milano
Segrate,Via Rivoltana. 64,SEGRATE,Milano
Segrate Cassanese,Via Piaggio. 3 ang. Via Lambretta,SEGRATE,Milano
Senigallia,Via Giordano Bruno. 49,SENIGALLIA,Ancona
Serravalle Scrivia Outlet,Via Novi. 20/A,SERRAVALLE SCRIVIA,Alessandria
Sesto San Giovanni - Sarca,c/o C.C. Centro Sarca - V.le Sarca - Via Milanese,SESTO SAN GIOVANNI,Milano
Sesto San Giovanni v.le Italia,V.le Italia c/o CC Vulcano,SESTO SAN GIOVANNI,Milano
Sestu,Ex SS 131,SESTU,Cagliari
Settimo Torinese,Via Torino. 49,SETTIMO TORINESE,Torino
Siderno,S.S. 106 - Km 106.400,SIDERNO MARINA,Reggio Calabria
Silea,Via Giovanni Sartorelli. 2,SILEA,Treviso
Siracusa Drive,Via Columba 43,SIRACUSA,Siracusa
Siracusa Melilli C.C. Belvedere Auchan,Via Edoardo Garrone-Contrada Spalla-Città Giardino,MELILLI,Siracusa
Solbiate Arno,via del Lavoro - c/o CC Tigros,SOLBIATE ARNO,Varese
Somma Lombardo,Via Milano,SOMMA LOMBARDO,Varese
Sora,Viale San Domenico,SORA,Frosinone
Stezzano,via Guzzanica 62/64 c/o CC Le due Torri,STEZZANO,Bergamo
Stradella,Via Nazionale. 65,STRADELLA,Pavia
Taranto,Via Consiglio 115 - Contrada Cimino,TARANTO,Taranto
Tavagnacco,Via Nazionale 130/A,TAVAGNACCO,Udine
Tavernola,c/o C.C. Lario Center - Via Asiago 2,TAVERNOLA,Como
Terracina Drive,VIA S.R. 148 - KM 105+300,TERRACINA,Latina
Teverola,via Roma c/o c.c Il Medì,TEVEROLA,Caserta
Thiene Drive,via Meucci. 3,THIENE,Vicenza
Torino Lingotto Mall,Via Nizza 230,TORINO,Torino
Torino Monginevro (Norauto),Via Monginevro. 162,TORINO,Torino
Torino Santa Rita,Piazza Santa Rita da Cascia 8,TORINO,Torino
Torino Sant'Ottavio,Via Sant'Ottavio. 8,TORINO,Torino
Torino via Livorno,Via Livorno. 48,TORINO,Torino
Torre Annunziata Retail Park,via Comunale Traversa Andolfi snc,TORRE ANNUNZIATA,Napoli
Torri di Quartesolo,c/o C.C. Le Piramidi - Via Pola 20,TORRI DI QUARTESOLO,Vicenza
Tradate,Via della Fornace Cortellezzi. 1,TRADATE,Varese
Trapani,A29 direzione Trapani,TRAPANI,Trapani
Trento,Via di Madonna Bianca. 5,TRENTO,Trento
Trento Nord,via Brennero,TRENTO,Trento
Treviglio,c/o AdS Treviglio - V.le Manzoni - SS 11,TREVIGLIO,Bergamo
Treviso Repubblica,Viale della Repubblica 273,TREVISO,Treviso
Trieste Goldoni,Piazza Carlo Goldoni. 1,TRIESTE,Trieste
Trieste Mall,Via Italo Svevo 14/16 e Via B. D'Alviano 23,TRIESTE,Trieste
Truccazzano,SP 14 Rivoltana,TRUCCAZZANO,Milano
Udine,Viale Europa Unita. 69,UDINE,Udine
Udine Città Fiera,Via Antonio Bardelli. 4,TORREANO DI MARTIGNACCO,Udine
Udine Faula Mall,Piazzale Rita Levi Montalcini n. 1/1,UDINE,Udine
Udine Palmanova,viale Palmanova. 195,UDINE,Udine
Varese 1,Via Morosini 25 ang. V.le Milano 1,VARESE,Varese
Varese Stadio,via Bolchini 28,VARESE,Varese
Velletri,viale dei Volsci. 101,VELLETRI,Roma
Verano Brianza,Viale Comasina. 130,VERANO BRIANZA,Monza e Brianza
Verolanuova,via delle Robinie. s.n. - c/o C.C. Le Robinie,VEROLANUOVA,Brescia
Verona Adige Mall,Viale delle Nazioni.1,VERONA,Verona
Verona Fiera,Viale del Lavoro. 25,VERONA,Verona
Verona Milano,c/o AdS Verona Corso Milano - C.so Milano 62,VERONA,Verona
Verona Porta Nuova,Corso Di Porta Nuova. 14,VERONA,Verona
Verona Via Preare,Via Preare. 52,VERONA,Verona
Viareggio Drive,via Pisana s.n.c.,VIAREGGIO,Lucca
Vicenza Mall,Strada Padana verso Padova,VICENZA,Vicenza
Vicenza San Lazzaro,Strada Padana verso Verona. 81,VICENZA,Vicenza
Vigevano,Corso Milano. 146,VIGEVANO,Pavia
Vignate,c/o C.C. Acquario - SP Cassanese,VIGNATE,Milano
Vignola,via per Spilamberto,VIGNOLA,Modena
Villaricca,Corso Europa 16/A,VILLARICCA,Napoli
Villesse Mall,Località Maranuz. 2 c/o Tiare Shopping,VILLESSE,Gorizia
Vimercate,c/o C.C.Torri Bianche - Via Torri Bianche 16,VIMERCATE,Monza e Brianza
Viterbo Garbini,Via Igino Garbini,VITERBO,Viterbo
Viterbo San Paolo,via San Paolo. 3,VITERBO,Viterbo
Voghera,Via Martiri della Libertà,VOGHERA,Pavia
Zumpano CS,via F.B.Marino snc - c.da Malavicina,ZUMPANO,Cosenza
